[
  {
    "news-id": "news01",
    "brief": "မန္တလေးမြို့တွင် ပထမဆုံးအကြိမ်ပြုလုပ်သည့် မော်တော်ဆိုင်ကယ်ကလပ်များ တွေ့ဆုံပွဲသို့ ဆိုင်ကယ် အစီး ၁၀၀၀ ခန့် လာရောက်",
    "details": "မြန်မာ တစ်နိုင်ငံလုံးရှိ မော်တော်ဆိုင်ကယ် ကလပ်များ တွေ့ဆုံပွဲကို ဒီဇင်ဘာလ  ၂ ရက်က မန္တလေးမြို့တွင် ပထမဆုံးအကြိမ်အဖြစ် မန္တလာသီရီ အားကစားကွင်းအတွင်း ကျင်းပ ပြုလုပ်ခဲ့ကြောင်း သိရသည်။ မြို့ပေါင်း (၇၀)ကျော်မှ ဆိုင်ကယ် အစီးရေ (၁၀၀၀)ခန့် တက်ရောက်လာခဲ့ကြောင်း ပွဲကို ဦးစီး ကျင်းပပြုလုပ်သည့်  MANDALAY KNIGHTS မော်တော်ဆိုင်ကယ်ကလပ်မှ အသင်းခေါင်းဆောင် ဦးထွန်းထွန်းက ပြောကြားသည်။ မော်တော်ဆိုင်ကယ်စီးနှင်းသူများ ယာဉ်စည်းကမ်း၊လမ်းစည်းကမ်း လိုက်နာဆောင်ရွက်လာစေရန်၊ ခရီးသွားလုပ်ငန်းများ ဖွံ့ဖြိုးတိုးတက်လာစေရန် နှင့် မော်တော်ဆိုင်ကယ်ချစ်သူများ ပရဟိတ လုပ်ငန်းများ ပိုမိုဆောင်ရွက်လာစေရန် ရည်ရွယ်ချက်များဖြင့်  မြန်မာတစ်နိုင်ငံလုံးရှိ မော်တော်ဆိုင်ကယ် ချစ်သူများတွေ့ဆုံပွဲအခမ်းအနားကို  ဒီဇင်ဘာလ ၂ ရက်နေ့နှင့် ၃ ရက်နေ့များတွင် မန္တလာသီရီ အားကစားကွင်းတွင်  ကျင်းပ ပြုလုပ်သွားမည် ဖြစ်ကြောင်း MANDALAY KNIGHTS မော်တော်ဆိုင်ကယ်ကလပ်မှ သိရသည်။ ”အခြားအခြား မြို့တွေမှာလည်း ကျင်းပပါတယ် ၊အခုက မန္တလေးမြို့ မှာ ပထမဆုံးကျင်းပတဲ့ BIKE WEEK ပေါ့ ၊မြို့ပေါင်း ရ၀ ကျော်ကနေ လာရောက် တက်ပြီတော့ ဆိုင်ကယ်အစီးရေ ၁၀၀၀ လောက်ရှိမယ်လို့ ယူဆပါတယ်၊မြန်မာနိုင်ငံအရပ်ရပ်မှာ ရှိနေတဲ့ ဆိုင်ကယ်ချစ်တဲ့သူတွေ၊ ဆိုင်ကယ်နဲ့ ခရီးသွားရတာ မြတ်နိုးတဲ့သူတွေ  ဒီမှာ စုပြီးတော့ စုပေါင်းပရဟိတ ပွဲလေးတစ်ခု ကျွန်တော်တို့ လုပ်ကြတာပါ၊  ထိုင်းနိုင်ငံထုတ် မော်တော်ဆိုင်ကယ်ဦးထုပ် အလုံး ၃၀၀ ကို မြစ်ငယ်ဘက်မှာ ရှိတဲ့ အထက ကျောင်းသုံးကျောင်းကို  လှူဒါန်းမှာပါ၊ ဒီပွဲကနေ အလှူခံ ရရှိငွေများကိုလည်း  မိဘမဲ့ ကလေးများကို လှူသွားမှာပါ ၊နောက်တပတ်အတွင်းမှာ လှူဒါန်းမှုတွေ ပြုလုပ်သွားမှာပါ ”ဟု MANDALAY KNIGHTS မော်တော်ဆိုင်ကယ် ကလပ်မှ အသင်းခါင်းဆောင် ဦးထွန်းထွန်းကပြောကြားသည်။ယာဉ်စည်းကမ်း၊လမ်းစည်းကမ်း လိုက်နာဖို့အတွက်  မော်တော်ဆိုင်ကယ်စီးဦးထုပ်၊ မော်တော်ဆိုင်ကယ်စီး ဝတ်စုံ အပြည့် ဝတ်ဆင်ကာ  မော်တော် ဆိုင်ကယ် အစီးရေ (၅၀၀)ခန့်ဖြင့် မန္တလေးမြို့  ကျုံးတစ်ပတ် စီးနင်းပြသသွားမည် ဖြစ်ကြောင်းနှင့် အခမ်းအနားတွင်  Emperor တီးဝိုင်း ဖြင့်  တေးဂီတ ဧည့်ခံ ဖျော်ဖြေပွဲများ ပါဝင်ကာ ယင်းမှ ရရှိ လာမည့် အကျိုး အမြတ်များကို မိဘမဲ့ ကလေးများအား လှူဒါန်းသွားမည် ဖြစ်ကြောင်း သိရသည်။",
    "images": [
      "http://news-eleven.com/wp-content/uploads/2017/12/raser.jpg"
    ],
    "posted-date": "Sun Dec 03 03:22:38 GMT+06:30 2017",
    "publication": {
      "publication-id": "pub01",
      "title": "Eleven Media",
      "logo": "http://news-eleven.com/wp-content/uploads/2017/08/website-Emg-Twitter-2.png"
    },
    "favorites": [
      {
        "favorite-id": "fav01",
        "favorite-date": "Sun Dec 03 03:52:38 GMT+06:30 2017",
        "acted-user": {
          "user-id": "usr01",
          "user-name": "Min Khant Aung",
          "profile-image": "https://scontent.frgn2-1.fna.fbcdn.net/v/t1.0-1/c1.0.320.320/p320x320/18221665_1336447753111300_2064745119568262408_n.jpg?_nc_eui2=v1%3AAeGwbCVPiCHS4vGux4zb16Jb34ViPtBy1SO7xJDwX6WRDLAUtpXPET56yB20NFlju_-Lglf11Pv6tRN-TV-WZwVm6pe49b4hAEUhZiJJNuadOQ&oh=826a12c0e96ee7a8e39544adf7767a1e&oe=5A9388C9"
        }
      },
      {
        "favorite-id": "fav02",
        "favorite-date": "Sun Dec 03 04:15:38 GMT+06:30 2017",
        "acted-user": {
          "user-id": "usr02",
          "user-name": "Aung Kyaw Khin",
          "profile-image": "https://scontent.frgn2-1.fna.fbcdn.net/v/t31.0-8/23674716_1694002310675108_8554411243567375960_o.jpg?_nc_eui2=v1%3AAeHTzSx19Wvq4R-nD5AmlrcLYys-Rra_ZrTwo8FBxJgHHXFNo-ebn4lJpOLWptiypiwIoZYkAYxDAwFXWPD9DVjadDD7opuih0ORq1eWs51g9A&oh=370bbd8c8987d5dc9bc1254f844c6fc0&oe=5A94B7A0"
        }
      },
      {
        "favorite-id": "fav03",
        "favorite-date": "Sun Dec 03 04:17:38 GMT+06:30 2017",
        "acted-user": {
          "user-id": "usr05",
          "user-name": "Shwe Yamin Oo",
          "profile-image": "https://www.facebook.com/photo.php?fbid=10203829814181959&set=a.1183390961105.23625.1718180867&type=3&source=11&referrer_profile_id=1718180867"
        }
      }
    ],
    "comments": [
      {
        "comment-id": "cmt01",
        "comment": "ဆိုင်ကယ် ပြပွဲထက် ဆိုင်ကယ်တွေ ဒလကြမ်းမောင်းနေကြတာရော ဘယ်လို လုပ်ကြမှာတုန်း ",
        "comment-date": "Sun Dec 03 04:28:38 GMT+06:30 2017",
        "acted-user": {
          "user-id": "usr03",
          "user-name": "Thiri Yadana",
          "profile-image": "https://scontent.frgn2-1.fna.fbcdn.net/v/t1.0-9/22282102_1614259285264244_8449407671151322081_n.jpg?_nc_eui2=v1%3AAeEFIY1xWNoSWelb3kKX0eeFX9D9K2DKg8_8VcpBPCbe3bvDPuyr7a4ubXFGDPcdZxY4ZNFUVoUj00ABBPyrS5PLDtaoTw-JJt6TCCfb65Xe7w&oh=5296a4c1e2b5cde76d6524bd29ca290b&oe=5A8B8EC4"
        }
      },
      {
        "comment-id": "cmt02",
        "comment": "လားရှိုး က ဆင်းလာတဲ့ ဆိုင်ကယ်တွေ ရှယ်မိုက်",
        "comment-date": "Sun Dec 03 04:37:38 GMT+06:30 2017",
        "acted-user": {
          "user-id": "usr04",
          "user-name": "Myo Lwin Oo",
          "profile-image": "https://scontent.frgn2-1.fna.fbcdn.net/v/t1.0-1/p320x320/17353382_394334750940618_5644849875404320032_n.jpg?_nc_eui2=v1%3AAeFrM9GFk669GVjVEgzfb9hvewK1_o1bGxDHEABI0_UIaLaMQ_D5j2e4jHRMDDXiOOYkBK6gys_R7Ty8Nucpm4ZT587dTM4KR_l6X4GZprB75A&oh=2658c2e9e4464ee465c80e72cb6b1f7c&oe=5A8EDFD9"
        }
      }
    ],
    "sent-tos": [
      {
        "send-to-id": "sdt01",
        "sent-date": "Sun Dec 03 03:59:38 GMT+06:30 2017",
        "acted-user": {
          "user-id": "usr02",
          "user-name": "Aung Kyaw Khin",
          "profile-image": "https://scontent.frgn2-1.fna.fbcdn.net/v/t31.0-8/23674716_1694002310675108_8554411243567375960_o.jpg?_nc_eui2=v1%3AAeHTzSx19Wvq4R-nD5AmlrcLYys-Rra_ZrTwo8FBxJgHHXFNo-ebn4lJpOLWptiypiwIoZYkAYxDAwFXWPD9DVjadDD7opuih0ORq1eWs51g9A&oh=370bbd8c8987d5dc9bc1254f844c6fc0&oe=5A94B7A0"
        },
        "received-user": {
          "user-id": "usr04",
          "user-name": "Myo Lwin Oo",
          "profile-image": "https://scontent.frgn2-1.fna.fbcdn.net/v/t1.0-1/p320x320/17353382_394334750940618_5644849875404320032_n.jpg?_nc_eui2=v1%3AAeFrM9GFk669GVjVEgzfb9hvewK1_o1bGxDHEABI0_UIaLaMQ_D5j2e4jHRMDDXiOOYkBK6gys_R7Ty8Nucpm4ZT587dTM4KR_l6X4GZprB75A&oh=2658c2e9e4464ee465c80e72cb6b1f7c&oe=5A8EDFD9"
        }
      },
      {
        "send-to-id": "sdt02",
        "sent-date": "Sun Dec 03 04:49:38 GMT+06:30 2017",
        "acted-user": {
          "user-id": "usr06",
          "user-name": "Naing Ye Min",
          "profile-image": "https://scontent.frgn2-1.fna.fbcdn.net/v/t1.0-1/p320x320/24174628_1736123509745709_7054406365440678738_n.jpg?_nc_eui2=v1%3AAeFqdIL_4TBHUzBhsLJs_10s4Gj35x8F9GbG7pLP0y_ZJ3mqZDcwlNszhkRXrkzEwFBwSuGoNlryUVro0Y_s5I6wvdXKusLKcQc6lDRO07z7Qw&oh=fdfa5415f469c9940532fc39027c98bb&oe=5AC82A5D"
        },
        "received-user": {
          "user-id": "usr05",
          "user-name": "Shwe Yamin Oo",
          "profile-image": "https://www.facebook.com/photo.php?fbid=10203829814181959&set=a.1183390961105.23625.1718180867&type=3&source=11&referrer_profile_id=1718180867"
        }
      },
      {
        "send-to-id": "sdt03",
        "sent-date": "Sun Dec 03 05:29:38 GMT+06:30 2017",
        "acted-user": {
          "user-id": "usr07",
          "user-name": "Aung Ko Ko Thet",
          "profile-image": "https://www.facebook.com/photo.php?fbid=10213631386634493&set=a.1555629726190.2076175.1098610865&type=3&source=11&referrer_profile_id=1098610865"
        },
        "received-user": {
          "user-id": "usr08",
          "user-name": "Khin Sandar",
          "profile-image": "https://www.facebook.com/photo.php?fbid=1838013342885372&set=a.149617055058351.21835.100000301712631&type=3&source=11&referrer_profile_id=100000301712631"
        }
      }
    ]
  },
  {
    "news-id": "news02",
    "brief": "ဗိုလ်ချုပ်အောင်ဆန်း အတ္ထုပ္ပတ္တိရုပ်ရှင် ရိုက်ကူးထုတ်လုပ်ရေးအတွက် ရရှိထားသည့်အလှူငွေ ကျပ်သိန်း ၈၃၀၀ ကို ကော်မတီဥက္ကဋ္ဌ သူရဦးအောင်ကိုထံ ပေးအပ်",
    "details": "ဗိုလ်ချုပ်အောင်ဆန်း အတ္ထုပ္ပတ္တိရုပ်ရှင် ရိုက်ကူးထုတ်လုပ်ရေးအတွက် ရရှိထားသည့် အလှူငွေ ကျပ်သိန်း ၈၃၀၀ ကို ဗိုလ်ချုပ်အောင်ဆန်း အတ္ထုပ္ပတ္တိရုပ်ရှင် ရိုက်ကူးထုတ်လုပ်ရေးလုပ်ငန်း ကော်မတီဥက္ကဋ္ဌ၊ သာသနာ ရေးနှင့် ယဉ်ကျေးမှုဝန်ကြီးဌာန ပြည်ထောင်စုဝန်ကြီး သူရဦးအောင်ကိုထံ လွှဲပြောင်းပေးအပ်ခဲ့ကြောင်း သိရသည်။ <br /><br /> ဗိုလ်ချုပ်အောင်ဆန်း အတ္ထုပ္ပတ္တိရုပ်ရှင် ရိုက်ကူးထုတ်လုပ်ရေးလုပ်ငန်း ကော်မတီ၏ပထမအကြိမ် လုပ်ငန်းညှိနှိုင်းအစည်းအဝေးကို နို၀င်ဘာ ၃၀ ရက်က ရန်ကုန်မြို့ မြို့မ ကျောင်းလမ်းရှိ အမျိုးသားဇာတ်ရုံတွင် ပြုလုပ်ခဲ့ရာ အလှူငွေကို ဗိုလ်ချုပ်အောင်ဆန်း ရုပ်ရှင်ရိုက်ကူးထုတ်လုပ်ရေးလုပ်ငန်း ကော်မတီဥက္ကဋ္ဌ၊ သာသနာရေးနှင့် ယဉ်ကျေးမှုဝန်ကြီးဌာန ပြည်ထောင်စုဝန်ကြီး သူရဦးအောင်ကိုထံ လွှဲပြောင်းပေးအပ်ခဲ့ခြင်းဖြစ်သည်။ <br /><br /> အဆိုပါအစည်းအဝေးတွင် သာသနာရေးနှင့် ယဉ်ကျေးမှုဝန်ကြီးဌာန ပြည်ထောင်စုဝန်ကြီး သူရဦးအောင်ကိုက “ကမ္ဘာ့နိုင်ငံအသီးသီးမှာ ၎င်းတို့ရဲ့အမျိုးသားခေါင်းဆောင်ကြီးတွေကို ဂန္ထဝင်မြောက်တဲ့ရုပ်ရှင်ဇာတ်ကား ကြီးတွေနဲ့ ရိုက်ကူးထုတ်လုပ်ပြသခဲ့တယ်။ မြန်မာနိုင်ငံမှာလည်း အမျိုးသားခေါင်းဆောင် ကြီးဗိုလ်ချုပ်အောင်ဆန်း အတ္ထုပ္ပတ္တိကိုရုပ်ရှင်အဖြစ် ရိုက်ကူးနိုင်ဖို့ ကြိုးပမ်းခဲ့ရာ ရုပ်ရှင်ဇာတ်ကား အောင်မြင်စွာ ရိုက်ကူး ထုတ်လုပ် ပြသသွားနိုင်ရေးအတွက် ကူညီဆောင်ရွက်ဖို့ အခွင့်အလမ်း ပေါ်လာတာဖြစ်ပါတယ်” ဟု ပြောကြားသည်။",
    "images": null,
    "posted-date": "Sun Dec 03 03:40:38 GMT+06:30 2017",
    "publication": {
      "publication-id": "pub01",
      "title": "Eleven Media",
      "logo": "http://news-eleven.com/wp-content/uploads/2017/08/website-Emg-Twitter-2.png"
    },
    "favorites": [
      {
        "favorite-id": "fav291",
        "favorite-date": "Sun Dec 03 04:19:38 GMT+06:30 2017",
        "acted-user": {
          "user-id": "usr05",
          "user-name": "Shwe Yamin Oo",
          "profile-image": "https://www.facebook.com/photo.php?fbid=10203829814181959&set=a.1183390961105.23625.1718180867&type=3&source=11&referrer_profile_id=1718180867"
        }
      },
      {
        "favorite-id": "fav448",
        "favorite-date": "Sun Dec 03 04:27:38 GMT+06:30 2017",
        "acted-user": {
          "user-id": "usr673",
          "user-name": "Win Than Htike",
          "profile-image": "https://www.facebook.com/photo.php?fbid=1958129227788023&set=a.1383759818558303.1073741825.100007728936680&type=3&source=11&referrer_profile_id=100007728936680"
        }
      }
    ],
    "comments": [
      {
        "comment-id": "cmt123",
        "comment": "ဒါဆို ရုပ်ရှင်က မဖြစ်တော့ဘူးပေါ့",
        "comment-date": "Sun Dec 03 04:28:38 GMT+06:30 2017",
        "acted-user": {
          "user-id": "usr145",
          "user-name": "Htoo Myint Naing",
          "profile-image": "https://www.facebook.com/photo.php?fbid=10154808125088724&set=a.448532888723.229837.704643723&type=3&source=11&referrer_profile_id=704643723"
        }
      },
      {
        "comment-id": "cmt234",
        "comment": "The Lady လောက်တော့ ထွက်အောင် ရိုက်သင့်ပါတယ်",
        "comment-date": "Sun Dec 03 04:39:38 GMT+06:30 2017",
        "acted-user": {
          "user-id": "usr7981",
          "user-name": "Thet Hlaing",
          "profile-image": "https://www.facebook.com/photo.php?fbid=10209788656045826&set=a.1467008507911.2062030.1014497036&type=3&source=11&referrer_profile_id=1014497036"
        }
      },
      {
        "comment-id": "cmt244",
        "comment": "အခုလောက်ရိုက်ထားမှ 2020 ရွေးကောက်ပွဲ အတော်လောက်ဖြစ်မှာ မဟုတ်ဘူးလား ",
        "comment-date": "Sun Dec 03 05:49:38 GMT+06:30 2017",
        "acted-user": {
          "user-id": "usr312",
          "user-name": "Myat Min Soe",
          "profile-image": "https://www.facebook.com/photo.php?fbid=1315471421874771&set=a.122762057812386.32608.100002357784466&type=3&source=11&referrer_profile_id=100002357784466"
        }
      }
    ],
    "sent-tos": [
      {
        "send-to-id": "sdt18r-",
        "sent-date": "Sun Dec 03 03:59:38 GMT+06:30 2017",
        "acted-user": {
          "user-id": "usr312",
          "user-name": "Myat Min Soe",
          "profile-image": "https://www.facebook.com/photo.php?fbid=1315471421874771&set=a.122762057812386.32608.100002357784466&type=3&source=11&referrer_profile_id=100002357784466"
        },
        "received-user": {
          "user-id": "usr04",
          "user-name": "Myo Lwin Oo",
          "profile-image": "https://scontent.frgn2-1.fna.fbcdn.net/v/t1.0-1/p320x320/17353382_394334750940618_5644849875404320032_n.jpg?_nc_eui2=v1%3AAeFrM9GFk669GVjVEgzfb9hvewK1_o1bGxDHEABI0_UIaLaMQ_D5j2e4jHRMDDXiOOYkBK6gys_R7Ty8Nucpm4ZT587dTM4KR_l6X4GZprB75A&oh=2658c2e9e4464ee465c80e72cb6b1f7c&oe=5A8EDFD9"
        }
      },
      {
        "send-to-id": "std84fb89",
        "sent-date": "Sun Dec 03 04:49:38 GMT+06:30 2017",
        "acted-user": {
          "user-id": "usr05",
          "user-name": "Shwe Yamin Oo",
          "profile-image": "https://www.facebook.com/photo.php?fbid=10203829814181959&set=a.1183390961105.23625.1718180867&type=3&source=11&referrer_profile_id=1718180867"
        },
        "received-user": {
          "user-id": "usr312",
          "user-name": "Myat Min Soe",
          "profile-image": "https://www.facebook.com/photo.php?fbid=1315471421874771&set=a.122762057812386.32608.100002357784466&type=3&source=11&referrer_profile_id=100002357784466"
        }
      },
      {
        "send-to-id": "sdt38e9",
        "sent-date": "Sun Dec 03 05:29:38 GMT+06:30 2017",
        "acted-user": {
          "user-id": "usr145",
          "user-name": "Htoo Myint Naing",
          "profile-image": "https://www.facebook.com/photo.php?fbid=10154808125088724&set=a.448532888723.229837.704643723&type=3&source=11&referrer_profile_id=704643723"
        },
        "received-user": {
          "user-id": "usr673",
          "user-name": "Win Than Htike",
          "profile-image": "https://www.facebook.com/photo.php?fbid=1958129227788023&set=a.1383759818558303.1073741825.100007728936680&type=3&source=11&referrer_profile_id=100007728936680"
        }
      },
      {
        "send-to-id": "sdt456",
        "sent-date": "Sun Dec 03 05:29:38 GMT+06:30 2017",
        "acted-user": {
          "user-id": "usr145",
          "user-name": "Htoo Myint Naing",
          "profile-image": "https://www.facebook.com/photo.php?fbid=10154808125088724&set=a.448532888723.229837.704643723&type=3&source=11&referrer_profile_id=704643723"
        },
        "received-user": {
          "user-id": "usr673",
          "user-name": "Win Than Htike",
          "profile-image": "https://www.facebook.com/photo.php?fbid=1958129227788023&set=a.1383759818558303.1073741825.100007728936680&type=3&source=11&referrer_profile_id=100007728936680"
        }
      }
    ]
  },
  {
    "news-id": "news03",
    "brief": "Truth Beyond Beauty",
    "details": "A collection of famous painters gather in one gallery <br /><br />TRUTH Beyond Beauty Art Exhibition 2017 was held from November 25 to 27 at The Yangon Gallery. 18 artists showcased 77 modern and realist style paintings in this exhibition organised by artist U Kyee Myint Saw and artist Thant Zin. All are famous artists in Myanmar and they created very artistic artworks. <br /><br />“This exhibition leader is U Kyee Myint Saw. But he is old, so I help preparing and organising for the whole exhibition with Sayar Kyee Myint Saw’s ideas and advice,” says artist Thant Zin. <br /><br />Artist Thant Zin created paintings which themes where nocturnal and summery. He used oil and painting knife, a flexible steel blade. His “After rainy night 3” is attractive for audience. He used dark blue and orange and white. <br /><br />“Oil paintings are my first love. I like their colours. They are deep and tranquil,” added artist Thant Zin. <br /><br />For the occasion, old master artist Kyee Myint Saw created two acrylic paintings called “The Geometry of Night 2017” and “Yangon Night And 1”. <br /><br />Using abstract expressionism technique, “Yangon Night 1, 2017” is a one of his most famous series. He created many Yangon night views combining red, yellow, orange, purple and white colour on the black colour background. His painting “The Geometry of Night 2017” is cubist in style. It is a mix of math, geometry, art and colour – mainly pale brown and purple. <br /><br />Both pleased different audiences, and showed the diversity of the exhibition.",
    "images": [
      "https://www.mmtimes.com/sites/mmtimes.com/files/styles/mmtimes_ratio_c_normal_detail_image/public/news-images/zay-zay.jpg?itok=UGg8DVWV"
    ],
    "posted-date": "Sun Dec 03 04:51:38 GMT+06:30 2017",
    "publication": {
      "publication-id": "pub02",
      "title": "Myanmar Times",
      "logo": "https://www.mmtimes.com/sites/mmtimes.com/files/styles/mmtimes_ratio_c_three_col/public/default_images/sample-page-02_2.jpg?itok=ox55HGAr"
    },
    "favorites": [
      {
        "favorite-id": "fav291",
        "favorite-date": "Sun Dec 03 05:19:38 GMT+06:30 2017",
        "acted-user": {
          "user-id": "usr673",
          "user-name": "Win Than Htike",
          "profile-image": "https://www.facebook.com/photo.php?fbid=1958129227788023&set=a.1383759818558303.1073741825.100007728936680&type=3&source=11&referrer_profile_id=100007728936680"
        }
      }
    ],
    "comments": null,
    "sent-tos": null
  }
]